ticker,SMA,MA_TYPE,DELTA,DELAY,SURVIVAL_PROB,BUCKETS,STARTING_CAPITAL,maxterm,WHIPSAW_DAYS,final_equity,CAGR,CAGR_pct,max_drawdown,max_drawdown_pct,final_state,data_last_date
VOO,13,least_squares,0.26,6,0.47,2,12494.00,5,1,118388.09,0.15276905,15.2769,-0.11370163,-11.3702,Cash timeout,2026-07-23
VOO,13,least_squares,0.26,6,0.47,2,12494.00,5,2,118388.09,0.15276905,15.2769,-0.11370163,-11.3702,Cash timeout,2026-07-23
VOO,13,least_squares,0.26,6,0.47,2,12494.00,5,3,118388.09,0.15276905,15.2769,-0.11370163,-11.3702,Cash timeout,2026-07-23
VOO,13,least_squares,0.26,6,0.47,2,12494.00,5,4,118388.09,0.15276905,15.2769,-0.11370163,-11.3702,Cash timeout,2026-07-23
VOO,13,least_squares,0.26,6,0.47,2,12494.00,5,5,118388.09,0.15276905,15.2769,-0.11370163,-11.3702,Cash timeout,2026-07-23
VOO,13,least_squares,0.26,6,0.47,2,12494.00,5,6,118388.09,0.15276905,15.2769,-0.11370163,-11.3702,Cash timeout,2026-07-23
VOO,13,least_squares,0.26,6,0.47,2,12494.00,5,7,118388.09,0.15276905,15.2769,-0.11370163,-11.3702,Cash timeout,2026-07-23
VOO,13,least_squares,0.26,6,0.47,2,12494.00,5,8,118388.09,0.15276905,15.2769,-0.11370163,-11.3702,Cash timeout,2026-07-23
VOO,13,least_squares,0.26,6,0.47,2,12494.00,5,9,118388.09,0.15276905,15.2769,-0.11370163,-11.3702,Cash timeout,2026-07-23
VOO,13,least_squares,0.26,6,0.47,2,12494.00,5,10,118388.09,0.15276905,15.2769,-0.11370163,-11.3702,Cash timeout,2026-07-23
VOO,13,least_squares,0.26,6,0.47,2,12494.00,5,11,123118.31,0.15562784,15.5628,-0.09122265,-9.1223,Cash timeout,2026-07-23
VOO,13,least_squares,0.26,6,0.47,2,12494.00,5,12,128511.16,0.15876418,15.8764,-0.09122265,-9.1223,Cash timeout,2026-07-23
VOO,13,least_squares,0.26,6,0.47,2,12494.00,5,13,127493.34,0.15818180,15.8182,-0.09122265,-9.1223,Cash timeout,2026-07-23
VOO,13,least_squares,0.26,6,0.47,2,12494.00,5,14,128318.19,0.15865410,15.8654,-0.09122265,-9.1223,Cash timeout,2026-07-23
VOO,13,least_squares,0.26,6,0.47,2,12494.00,5,15,119031.66,0.15316423,15.3164,-0.09122265,-9.1223,Cash timeout,2026-07-23
VOO,13,least_squares,0.26,6,0.47,2,12494.00,5,16,118867.44,0.15306358,15.3064,-0.09122265,-9.1223,Cash timeout,2026-07-23
VOO,13,least_squares,0.26,6,0.47,2,12494.00,5,17,117565.23,0.15226084,15.2261,-0.09122265,-9.1223,Cash timeout,2026-07-23
VOO,13,least_squares,0.26,6,0.47,2,12494.00,5,18,116582.27,0.15164937,15.1649,-0.09122265,-9.1223,Floor hold,2026-07-23
VOO,13,least_squares,0.26,6,0.47,2,12494.00,5,19,116247.67,0.15144012,15.1440,-0.09122265,-9.1223,Floor hold,2026-07-23
VOO,13,least_squares,0.26,6,0.47,2,12494.00,5,20,118486.91,0.15282986,15.2830,-0.09046757,-9.0468,Floor hold,2026-07-23
VOO,13,least_squares,0.26,6,0.47,2,12494.00,5,21,121515.21,0.15467069,15.4671,-0.09046757,-9.0468,Floor hold,2026-07-23
VOO,13,least_squares,0.26,6,0.47,2,12494.00,5,22,121265.06,0.15452026,15.4520,-0.09046757,-9.0468,Floor hold,2026-07-23
VOO,13,least_squares,0.26,6,0.47,2,12494.00,5,23,125591.61,0.15708190,15.7082,-0.09046757,-9.0468,Floor hold,2026-07-23
VOO,13,least_squares,0.26,6,0.47,2,12494.00,5,24,126579.21,0.15765503,15.7655,-0.09046757,-9.0468,Floor hold,2026-07-23
VOO,13,least_squares,0.26,6,0.47,2,12494.00,5,25,128150.47,0.15855830,15.8558,-0.09046757,-9.0468,Floor hold,2026-07-23
VOO,13,least_squares,0.26,6,0.47,2,12494.00,5,26,128706.69,0.15887557,15.8876,-0.09046757,-9.0468,Floor hold,2026-07-23
VOO,13,least_squares,0.26,6,0.47,2,12494.00,5,27,130812.35,0.16006511,16.0065,-0.09046757,-9.0468,Floor hold,2026-07-23
VOO,13,least_squares,0.26,6,0.47,2,12494.00,5,28,129280.17,0.15920134,15.9201,-0.09046757,-9.0468,Floor hold,2026-07-23
VOO,13,least_squares,0.26,6,0.47,2,12494.00,5,29,135514.34,0.16265793,16.2658,-0.09046757,-9.0468,Floor hold,2026-07-23
VOO,13,least_squares,0.26,6,0.47,2,12494.00,5,30,135881.49,0.16285683,16.2857,-0.09046757,-9.0468,Floor hold,2026-07-23
VOO,13,least_squares,0.26,6,0.47,2,12494.00,5,31,134189.83,0.16193619,16.1936,-0.09046757,-9.0468,Floor hold,2026-07-23
VOO,13,least_squares,0.26,6,0.47,2,12494.00,5,32,140570.38,0.16535359,16.5354,-0.09046757,-9.0468,Floor hold,2026-07-23
VOO,13,least_squares,0.26,6,0.47,2,12494.00,5,33,136106.92,0.16297870,16.2979,-0.09046757,-9.0468,Floor hold,2026-07-23
VOO,13,least_squares,0.26,6,0.47,2,12494.00,5,34,137999.51,0.16399447,16.3994,-0.09401498,-9.4015,Floor hold,2026-07-23
VOO,13,least_squares,0.26,6,0.47,2,12494.00,5,35,137289.87,0.16361514,16.3615,-0.09401498,-9.4015,Floor hold,2026-07-23
VOO,13,least_squares,0.26,6,0.47,2,12494.00,5,36,131065.26,0.16020678,16.0207,-0.09401498,-9.4015,Floor hold,2026-07-23
VOO,13,least_squares,0.26,6,0.47,2,12494.00,5,37,125917.31,0.15727138,15.7271,-0.09401498,-9.4015,Floor hold,2026-07-23
VOO,13,least_squares,0.26,6,0.47,2,12494.00,5,38,128378.95,0.15868878,15.8689,-0.09401498,-9.4015,Floor hold,2026-07-23
VOO,13,least_squares,0.26,6,0.47,2,12494.00,5,39,127125.45,0.15797023,15.7970,-0.09401498,-9.4015,Floor hold,2026-07-23
VOO,13,least_squares,0.26,6,0.47,2,12494.00,5,40,121290.57,0.15453562,15.4536,-0.10790096,-10.7901,Floor hold,2026-07-23
VOO,13,least_squares,0.26,6,0.47,2,12494.00,5,41,127041.71,0.15792199,15.7922,-0.10412422,-10.4124,Floor hold,2026-07-23
VOO,13,least_squares,0.26,6,0.47,2,12494.00,5,42,122545.65,0.15528727,15.5287,-0.10347415,-10.3474,Floor hold,2026-07-23
VOO,13,least_squares,0.26,6,0.47,2,12494.00,5,43,123678.67,0.15595966,15.5960,-0.10173136,-10.1731,Floor hold,2026-07-23
VOO,13,least_squares,0.26,6,0.47,2,12494.00,5,44,131521.30,0.16046158,16.0462,-0.09401498,-9.4015,Floor hold,2026-07-23
VOO,13,least_squares,0.26,6,0.47,2,12494.00,5,45,133246.16,0.16141789,16.1418,-0.09401498,-9.4015,Floor hold,2026-07-23
VOO,13,least_squares,0.26,6,0.47,2,12494.00,5,46,134473.33,0.16209123,16.2091,-0.09401498,-9.4015,Floor hold,2026-07-23
VOO,13,least_squares,0.26,6,0.47,2,12494.00,5,47,137567.90,0.16376398,16.3764,-0.09401498,-9.4015,Floor hold,2026-07-23
VOO,13,least_squares,0.26,6,0.47,2,12494.00,5,48,140017.62,0.16506334,16.5063,-0.09401498,-9.4015,Floor hold,2026-07-23
VOO,13,least_squares,0.26,6,0.47,2,12494.00,5,49,142305.74,0.16625790,16.6258,-0.09401498,-9.4015,Floor hold,2026-07-23
VOO,13,least_squares,0.26,6,0.47,2,12494.00,5,50,140089.15,0.16510097,16.5101,-0.09401498,-9.4015,Floor hold,2026-07-23
VOO,13,least_squares,0.26,6,0.47,2,12494.00,5,51,135474.05,0.16263607,16.2636,-0.09401498,-9.4015,Floor hold,2026-07-23
VOO,13,least_squares,0.26,6,0.47,2,12494.00,5,52,137208.06,0.16357129,16.3571,-0.09401498,-9.4015,Floor hold,2026-07-23
VOO,13,least_squares,0.26,6,0.47,2,12494.00,5,53,136160.23,0.16300749,16.3007,-0.09401498,-9.4015,Floor hold,2026-07-23
VOO,13,least_squares,0.26,6,0.47,2,12494.00,5,54,135911.89,0.16287327,16.2873,-0.09401498,-9.4015,Floor hold,2026-07-23
VOO,13,least_squares,0.26,6,0.47,2,12494.00,5,55,140952.94,0.16555384,16.5554,-0.09401498,-9.4015,Floor hold,2026-07-23
VOO,13,least_squares,0.26,6,0.47,2,12494.00,5,56,145766.50,0.16803090,16.8031,-0.09401498,-9.4015,Floor hold,2026-07-23
VOO,13,least_squares,0.26,6,0.47,2,12494.00,5,57,145262.08,0.16777495,16.7775,-0.09606363,-9.6064,Floor hold,2026-07-23
VOO,13,least_squares,0.26,6,0.47,2,12494.00,5,58,142614.40,0.16641766,16.6418,-0.09549704,-9.5497,Floor hold,2026-07-23
VOO,13,least_squares,0.26,6,0.47,2,12494.00,5,59,149293.55,0.16979774,16.9798,-0.09671204,-9.6712,Floor hold,2026-07-23
VOO,13,least_squares,0.26,6,0.47,2,12494.00,5,60,161634.54,0.17568636,17.5686,-0.09046757,-9.0468,Floor hold,2026-07-23
VOO,13,least_squares,0.26,6,0.47,2,12494.00,5,61,163970.05,0.17675315,17.6753,-0.09046757,-9.0468,Floor hold,2026-07-23
VOO,13,least_squares,0.26,6,0.47,2,12494.00,5,62,166314.38,0.17780975,17.7810,-0.09046757,-9.0468,Floor hold,2026-07-23
VOO,13,least_squares,0.26,6,0.47,2,12494.00,5,63,165269.16,0.17734040,17.7340,-0.09046757,-9.0468,Floor hold,2026-07-23
VOO,13,least_squares,0.26,6,0.47,2,12494.00,5,64,164495.43,0.17699116,17.6991,-0.09046757,-9.0468,Floor hold,2026-07-23
VOO,13,least_squares,0.26,6,0.47,2,12494.00,5,65,159128.28,0.17452538,17.4525,-0.09522476,-9.5225,Floor hold,2026-07-23
VOO,13,least_squares,0.26,6,0.47,2,12494.00,5,66,166269.01,0.17778944,17.7789,-0.09243165,-9.2432,Floor hold,2026-07-23
VOO,13,least_squares,0.26,6,0.47,2,12494.00,5,67,159768.02,0.17482335,17.4823,-0.09884438,-9.8844,Floor hold,2026-07-23
VOO,13,least_squares,0.26,6,0.47,2,12494.00,5,68,154415.71,0.17229523,17.2295,-0.12249439,-12.2494,Floor hold,2026-07-23
VOO,13,least_squares,0.26,6,0.47,2,12494.00,5,69,153107.64,0.17166490,17.1665,-0.12246076,-12.2461,Floor hold,2026-07-23
VOO,13,least_squares,0.26,6,0.47,2,12494.00,5,70,147037.13,0.16867198,16.8672,-0.13717986,-13.7180,Floor hold,2026-07-23
VOO,13,least_squares,0.26,6,0.47,2,12494.00,5,71,152952.05,0.17158959,17.1590,-0.13717986,-13.7180,Cash timeout,2026-07-23
VOO,13,least_squares,0.26,6,0.47,2,12494.00,5,72,149373.36,0.16983727,16.9837,-0.13717986,-13.7180,Floor hold,2026-07-23
VOO,13,least_squares,0.26,6,0.47,2,12494.00,5,73,146635.47,0.16846989,16.8470,-0.13717986,-13.7180,Floor hold,2026-07-23
VOO,13,least_squares,0.26,6,0.47,2,12494.00,5,74,149990.23,0.17014211,17.0142,-0.13717986,-13.7180,Floor hold,2026-07-23
VOO,13,least_squares,0.26,6,0.47,2,12494.00,5,75,145405.94,0.16784803,16.7848,-0.13717986,-13.7180,Floor hold,2026-07-23
VOO,13,least_squares,0.26,6,0.47,2,12494.00,5,76,139574.34,0.16482981,16.4830,-0.13717986,-13.7180,Floor hold,2026-07-23
VOO,13,least_squares,0.26,6,0.47,2,12494.00,5,77,139853.80,0.16497712,16.4977,-0.13717986,-13.7180,Floor hold,2026-07-23
VOO,13,least_squares,0.26,6,0.47,2,12494.00,5,78,140951.59,0.16555314,16.5553,-0.13717986,-13.7180,Floor hold,2026-07-23
VOO,13,least_squares,0.26,6,0.47,2,12494.00,5,79,143988.36,0.16712492,16.7125,-0.13717986,-13.7180,Cash timeout,2026-07-23
VOO,13,least_squares,0.26,6,0.47,2,12494.00,5,80,146912.16,0.16860916,16.8609,-0.13717986,-13.7180,Cash timeout,2026-07-23
VOO,13,least_squares,0.26,6,0.47,2,12494.00,5,81,148269.13,0.16928863,16.9289,-0.13717986,-13.7180,Cash timeout,2026-07-23
VOO,13,least_squares,0.26,6,0.47,2,12494.00,5,82,147824.66,0.16906672,16.9067,-0.13717986,-13.7180,Cash timeout,2026-07-23
VOO,13,least_squares,0.26,6,0.47,2,12494.00,5,83,147568.76,0.16893867,16.8939,-0.13717986,-13.7180,Cash timeout,2026-07-23
VOO,13,least_squares,0.26,6,0.47,2,12494.00,5,84,149828.96,0.17006253,17.0063,-0.13717986,-13.7180,Cash timeout,2026-07-23
VOO,13,least_squares,0.26,6,0.47,2,12494.00,5,85,148350.79,0.16932934,16.9329,-0.13717986,-13.7180,Cash timeout,2026-07-23
VOO,13,least_squares,0.26,6,0.47,2,12494.00,5,86,146571.42,0.16843762,16.8438,-0.13717986,-13.7180,Cash timeout,2026-07-23
VOO,13,least_squares,0.26,6,0.47,2,12494.00,5,87,143292.12,0.16676732,16.6767,-0.13717986,-13.7180,Cash timeout,2026-07-23
VOO,13,least_squares,0.26,6,0.47,2,12494.00,5,88,144769.75,0.16752433,16.7524,-0.13717986,-13.7180,Cash timeout,2026-07-23
VOO,13,least_squares,0.26,6,0.47,2,12494.00,5,89,144376.06,0.16732335,16.7323,-0.13717986,-13.7180,Cash timeout,2026-07-23
VOO,13,least_squares,0.26,6,0.47,2,12494.00,5,90,149725.17,0.17001126,17.0011,-0.13717986,-13.7180,Cash timeout,2026-07-23
VOO,13,least_squares,0.26,6,0.47,2,12494.00,5,91,150696.77,0.17048982,17.0490,-0.13717986,-13.7180,Floor hold,2026-07-23
VOO,13,least_squares,0.26,6,0.47,2,12494.00,5,92,153457.49,0.17183398,17.1834,-0.13717986,-13.7180,Floor hold,2026-07-23
VOO,13,least_squares,0.26,6,0.47,2,12494.00,5,93,153973.46,0.17208268,17.2083,-0.13717986,-13.7180,Floor hold,2026-07-23
VOO,13,least_squares,0.26,6,0.47,2,12494.00,5,94,147317.11,0.16881254,16.8813,-0.13717986,-13.7180,Floor hold,2026-07-23
VOO,13,least_squares,0.26,6,0.47,2,12494.00,5,95,146079.81,0.16818946,16.8189,-0.13717986,-13.7180,Floor hold,2026-07-23
VOO,13,least_squares,0.26,6,0.47,2,12494.00,5,96,147508.43,0.16890845,16.8908,-0.13717986,-13.7180,Floor hold,2026-07-23
VOO,13,least_squares,0.26,6,0.47,2,12494.00,5,97,150165.20,0.17022836,17.0228,-0.13717986,-13.7180,Floor hold,2026-07-23
VOO,13,least_squares,0.26,6,0.47,2,12494.00,5,98,151361.97,0.17081579,17.0816,-0.13717986,-13.7180,Floor hold,2026-07-23
VOO,13,least_squares,0.26,6,0.47,2,12494.00,5,99,151444.67,0.17085623,17.0856,-0.13717986,-13.7180,Floor hold,2026-07-23
VOO,13,least_squares,0.26,6,0.47,2,12494.00,5,100,153954.35,0.17207348,17.2073,-0.13717986,-13.7180,Floor hold,2026-07-23
